epoch,step,train_loss_epoch,train_loss_step
0,49,,0.07561144232749939
0,99,,0.0639864131808281
0,149,,0.04836253449320793
0,199,,0.06491643935441971
0,249,,0.05756247043609619
0,299,,0.05133655667304993
0,349,,0.05092630907893181
0,399,,0.04548385739326477
0,423,0.061321012675762177,
